"-ine-collins";"AineCollins"
"aengus-o-snodaigh";"AengusOSnodaighSF"
"alan-farrell";"AlanFarrell"
"alan-kelly";"AlanKelly"
"alan-shatter";
"alex-white";"AlexWhite"
"andrew-doyle";"AndrewDoyle"
"ann-phelan";"AnnPhelan"
"anne-ferris";"AnneFerris"
"anthony-lawlor";"AnthonyLawlor"
"aodhan-o-r-ordain";"AodhanORiordan"
"arthur-spring";"ArthurSpring"
"barry-cowen";"BarryCowen"
"bernard-durkan";"BernardJDurkan"
"billy-godfrey-timmins";"BillyGodfreyTimminsFG"
"billy-kelleher";"BillyKelleher"
"brendan-griffin";"BrendanGriffinFG"
"brendan-howlin";"BrendanHowlin"
"brendan-ryan";"BrendanRyan"
"brendan-smith";"BrendanSmith"
"brian-hayes";"BrianHayes"
"brian-stanley";"BrianStanley"
"brian-walsh";"BrianWalsh"
"caoimhgh-n-o-caolain";"CaoimhglinOCaolain"
"catheine-murphy";"CatherineMurphy"
"catherine-byrne";"CatherineByrne"
"charles-flanagan";"CharlesFlanagan"
"charlie-mcconalogue";"CharlieMcConalogue"
"ciara-conway";"CiaraConway"
"ciaran-cannon";"CiaranCannon"
"ciaran-lynch";"CiaranLynch"
"clare-daly";"ClareDaly"
"colm-keaveney";"ColmKeaveney"
"damien-english";"DamienEnglishFG"
"dan-neville";"DanNeville"
"dara-calleary";"DaraCalleary"
"dara-murphy";"DaraMurphy"
"david-stanton";"DavidStanton"
"denis-naughten";"DenisNaughten"
"derek-keating";"DerekKeating"
"derek-nolan";"DerekNolan"
"dessie-ellis";"DessieEllis"
"dinny-mcginley";"DinnyMcGinley"
"dominic-hannigan";"DominicHannigan"
"eamon-gilmore";"EamonGilmore"
"eamon-o-c-iv";"EamonOCuiv"
"eamonn-maloney";"EamonnMaloney"
"emmet-stagg";"EmmetStagg"
"enda-kenny";"EndaKenny"
"eoghan-murphy";"EoghanMurphy"
"eric-byrne";"EricJByrne"
"fergus-o-dowd";"FergusODowdFG"
"finian-mcgrath";"FinianMcGrath"
"frances-fitzgerald";"FrancesFitzgerald"
"frank-feighan";"FrankFeighan"
"gerald-nash";"GeraldNash"
"gerry-adams";"GerryAdams"
"heather-humphreys";"HeatherHumphreys"
"jack-wall";"JackWall"
"james-bannon";"JamesBannon"
"james-reilly";"DrJamesReilly"
"jan-o-sullivan";"JanOSullivan"
"jerry-buttimer";"JerryButtimer"
"jim-daly";"JimDaly"
"jimmy-deenihan";"JimmyDeenihan"
"joan-burton";"JoanBurtonLAB"
"joan-collins";"JoanCollins"
"joanna-tuffy";"JoannaTuffy"
"joe-carey";"JoeCarey"
"joe-costello";"JoeCostelloLAB"
"joe-higgins";"JoeHiggins"
"joe-mchugh";"JoeMcHugh"
"joe-o-reilly";"JoeOReilly"
"john-browne";"JohnBrowne2"
"john-deasy";"JohnDeasyFG"
"john-halligan";"JohnHalligan"
"john-lyons";"JohnLyonsLab"
"john-mcguinness";"JohnMcGuinness"
"john-o-mahony";"JohnOMahony"
"john-paul-phelan";"JohnPaulPhelan"
"john-perry";"JohnPerry"
"jonathan-o-brien";"JonathanOBrien"
"kathleen-lynch";"KathleenLynch"
"kevin-humphreys";"KevinHumphreys"
"kieran-o-donnell";"KieranODonnell"
"leo-varadkar";
"liam-twomey";"LiamTwomeyIND"
"lucinda-creighton";
"luke-ming-flanagan";"LukeMingFlanagan"
"marcella-corcoran-kennedy";"MarcellaCorcoranKennedy"
"martin-ferris";"MartinFerrisSF"
"martin-heydon";"MartinHeydon"
"mary-lou-mcdonald";"MaryLouMcDonald"
"mary-mitchell-o-connor";"MaryMitchellOConnor"
"mattie-mcgrath";"MattieMcGrath"
"maureen-o-sullivan";"MaureenOSullivan"
"michael-colreavy";"MichaelColreavy"
"michael-conaghan";"MichaelConaghan"
"michael-creed";"MichaelCreed"
"michael-healy-rae";"MichaelHealyRae"
"michael-lowry";"MichaelLowry"
"michael-mccarthy";"MichaelMcCarthy"
"michael-mcgrath";"MichaelMcGrath"
"michael-mcnamara";"MichaelMcNamara"
"michael-moynihan";"MichaelMoynihan"
"michael-noonen";"MichaelNoonan"
"michael-p-kitt";"MichaelKitt"
"michael-ring";"MichaelRing"
"micheal-martin";"MichaelMartin"
"michelle-mulherin";"MichelleMulherin"
"mick-wallace";"MickWallace"
"niall-collins";"NiallCollins"
"nicky-mcfadden";"NickyMcFadden"
"noel-coonan";"NoelCoonan"
"noel-grealish";"NoelGrealishPD"
"noel-harrington";"NoelHarrington"
"olivia-mitchell";"OliviaMitchell"
"padraig-maclochlainn";"PadraigMacLochlainn"
"paschal-donohoe";"PaschalDonohoe"
"pat-breen";"PatBreen"
"pat-deering";"PatrickDeering"
"pat-rabbitte";"PatRabbitte"
"patrick-nulty";"PatrickNulty"
"patrick-o-donovan";"PatrickODonovan"
"paudie-coffey";"PaudieCoffey"
"paul-connaughton";"PaulConnaughtonJnr"
"paul-kehoe";"PaulKehoeFG"
"peadar-t-ib-n";"PeadarToibin"
"pearse-doherty";"PearseDoherty"
"peter-fitzpatrick";"PeterFitzpatrick"
"peter-mathews";"PeterMathews"
"phil-hogan";"PhilipHogan"
"ray-butler";"RayButler"
"regina-doherty";"ReginaDoherty"
"richard-boyd-barrett";"RichardBoydBarrett"
"richard-bruton";"RichardBruton"
"robert-dowds";"RobertDowds"
"robert-troy";"RobertTroy"
"ruairi-quinn";"RuairiQuinn"
"sandra-mclellan";"SandraMcLellan"
"seamus-healy";"SeamusHealy"
"seamus-kirk";"SeamusKirk"
"sean-barrett";
"sean-conlan";"SeanConlon"
"sean-crowe";"SeanCroweSF"
"sean-fleming";"SeanFleming"
"sean-kenny";"SeanKenny"
"sean-kyne";"SeanKyne"
"sean-o-fearghail";"SeanOFearghaillFF"
"sean-sherlock";"SeanSherlock"
"shane-mcentee";"ShaneMcEntee"
"shane-peter-nathaniel-ross";"ShaneRoss"
"simon-coveney";"SimonCoveney"
"simon-harris";"SimonHarris"
"stephen-donnelly";"StephenDonnelly"
"terence-flanagan";"TerenceFlanagan"
"thomas-pringle";"ThomasPringle"
"timmy-dooley";"TimDooley"
"tom-barry";"TomBarry"
"tom-fleming";"TomFleming"
"tom-hayes";"TomHayes"
"tommy-broughan";"TommyBroughan"
"tony-mcloughlin";"TonyMcLoughlin"
"willie-o-dea";"WillieODea"
"willie-penrose";
;"RoisinShortall"